{
    "ticker": "^GSPC",
    "n_samples": 29,
    "mse": 845.7560259720375,
    "mae": 23.687702047413794
}