{
    "ticker": "^GSPC",
    "n_samples": 37,
    "mse": 1349.3789931245751,
    "mae": 22.16432643581081
}