{
    "ticker": "AAPL",
    "n_samples": 15,
    "mse": 1.086570129000264,
    "mae": 0.8006154378255189
}