{
    "ticker": "AAPL",
    "n_samples": 37,
    "mse": 2.2666920685096055,
    "mae": 1.195463025892103
}