{
    "ticker": "AAPL",
    "n_samples": 1,
    "mse": 0.01959982910193503,
    "mae": 0.1399993896484375
}