{
    "ticker": "AAPL",
    "n_samples": 5,
    "mse": 0.4132398057263515,
    "mae": 0.6260040283203239
}