{
    "ticker": "NVDA",
    "n_samples": 1,
    "mse": 8.103585243225098,
    "mae": 2.8466796875
}