{
    "ticker": "PLTR",
    "n_samples": 5,
    "mse": 15.258768142340704,
    "mae": 3.6206207275390625
}