{
    "ticker": "PLTR",
    "n_samples": 25,
    "mse": 158.36031809709502,
    "mae": 10.847445068359375
}