{
    "ticker": "PLTR",
    "n_samples": 37,
    "mse": 263.8125519761391,
    "mae": 14.35357480435758
}