{
    "ticker": "PLTR",
    "n_samples": 15,
    "mse": 32.94640264183593,
    "mae": 4.825232950846354
}