{
    "ticker": "PLTR",
    "n_samples": 1,
    "mse": 1.5376136230770499,
    "mae": 1.2400054931640625
}