{
    "ticker": "PLTR",
    "n_samples": 25,
    "mse": 183.55305016321364,
    "mae": 11.687877502441406
}