{
    "ticker": "PLTR",
    "n_samples": 29,
    "mse": 265.34117370316204,
    "mae": 14.72796183619006
}